model,subject,method,rows,coverage,accuracy,precision,recall,f1,auroc,selective_risk,notifications,false_notifications,false_notifications_per_hour
attention,S2,raw_0.5,2789,1.0,0.7171029042667623,0.3696236559139785,0.46218487394957986,0.41075429424943993,0.6375627187976376,0.28289709573323774,744,469,605.3782717820008
attention,S2,calibrated,2789,1.0,0.7171029042667623,0.3696236559139785,0.46218487394957986,0.41075429424943993,0.6375627187976376,0.28289709573323774,744,469,605.3782717820008
attention,S2,quality_ood,2650,0.95016134815346,0.7354716981132076,0.3729641693811075,0.42018348623853213,0.39516824849007764,0.6375157445139358,0.26452830188679244,614,385,496.9523126568663
attention,S2,selective,2495,0.8945858730727859,0.749498997995992,0.4052044609665427,0.4168260038240918,0.410933081998115,0.6442809272452965,0.25050100200400804,538,320,413.0512728576551
attention,S2,full_temporal,2418,0.8669774112585156,0.7667493796526055,0.43817787418655096,0.398422090729783,0.4173553719008264,0.6459498986971515,0.23325062034739452,3,3,3.8723556830405164
attention,S3,raw_0.5,2835,1.0,0.9883597883597883,0.9681020733652312,0.9790322580645161,0.9735364875701683,0.9995434355202796,0.011640211640211673,627,20,25.3968253968254
attention,S3,calibrated,2835,1.0,0.9883597883597883,0.9681020733652312,0.9790322580645161,0.9735364875701683,0.9995434355202796,0.011640211640211673,627,20,25.3968253968254
attention,S3,quality_ood,2835,1.0,0.9883597883597883,0.9681020733652312,0.9790322580645161,0.9735364875701683,0.9995434355202796,0.011640211640211673,627,20,25.3968253968254
attention,S3,selective,2801,0.9880070546737213,0.9942877543734381,0.9901315789473685,0.9836601307189542,0.9868852459016394,0.9998223440434496,0.005712245626561918,608,6,7.6190476190476195
attention,S3,full_temporal,2793,0.9851851851851852,0.9953455066237021,0.995,0.9835255354200988,0.9892294946147473,0.9998650993065049,0.0046544933762978635,2,1,1.2698412698412698
attention,S4,raw_0.5,2870,1.0,0.9355400696864111,0.7843915343915344,0.9642276422764228,0.8650619985412108,0.9890440394426118,0.06445993031358888,756,163,204.45993031358884
attention,S4,calibrated,2870,1.0,0.9355400696864111,0.7843915343915344,0.9642276422764228,0.8650619985412108,0.9890440394426118,0.06445993031358888,756,163,204.45993031358884
attention,S4,quality_ood,2870,1.0,0.9355400696864111,0.7843915343915344,0.9642276422764228,0.8650619985412108,0.9890440394426118,0.06445993031358888,756,163,204.45993031358884
attention,S4,selective,2835,0.9878048780487805,0.9414462081128748,0.7972972972972973,0.9735973597359736,0.8766716196136701,0.9901767431117271,0.05855379188712517,740,150,188.1533101045296
attention,S4,full_temporal,2807,0.9780487804878049,0.9497684360527253,0.824438202247191,0.9734660033167496,0.8927756653992397,0.9907231838388216,0.05023156394727468,4,3,3.763066202090592
attention,S5,raw_0.5,2911,1.0,0.9780144280316042,0.9071117561683599,1.0,0.9512937595129376,0.9999839020122485,0.02198557196839579,689,64,79.14805908622468
attention,S5,calibrated,2911,1.0,0.9780144280316042,0.9071117561683599,1.0,0.9512937595129376,0.9999839020122485,0.02198557196839579,689,64,79.14805908622468
attention,S5,quality_ood,2911,1.0,0.9780144280316042,0.9071117561683599,1.0,0.9512937595129376,0.9999839020122485,0.02198557196839579,689,64,79.14805908622468
attention,S5,selective,2878,0.9886636894537959,0.9850590687977763,0.9356287425149701,1.0,0.9667440061871616,0.999983666222814,0.014940931202223728,668,43,53.1776021985572
attention,S5,full_temporal,2856,0.9811061490896599,0.9919467787114846,0.9643962848297214,1.0,0.9818754925137904,0.9999935305741472,0.008053221288515378,2,1,1.2366884232222606
attention,S6,raw_0.5,2889,1.0,0.860159224645206,0.6179540709812108,0.9396825396825397,0.7455919395465994,0.9475508899147678,0.139840775354794,958,366,456.0747663551402
attention,S6,calibrated,2889,1.0,0.860159224645206,0.6179540709812108,0.9396825396825397,0.7455919395465994,0.9475508899147678,0.139840775354794,958,366,456.0747663551402
attention,S6,quality_ood,1,0.00034614053305642093,1.0,0.0,0.0,0.0,,0.0,0,0,0.0
attention,S6,selective,1,0.00034614053305642093,1.0,0.0,0.0,0.0,,0.0,0,0,0.0
attention,S6,full_temporal,1,0.00034614053305642093,1.0,0.0,0.0,0.0,,0.0,0,0,0.0
attention,S7,raw_0.5,2888,1.0,0.909972299168975,0.9035874439461884,0.65,0.7560975609756098,0.9504032258064516,0.09002770083102496,446,43,53.601108033241
attention,S7,calibrated,2888,1.0,0.909972299168975,0.9035874439461884,0.65,0.7560975609756098,0.9504032258064516,0.09002770083102496,446,43,53.601108033241
attention,S7,quality_ood,1906,0.659972299168975,0.944386149003148,0.7089552238805971,0.5864197530864198,0.641891891891892,0.909201919809718,0.05561385099685201,134,39,48.61495844875346
attention,S7,selective,1860,0.6440443213296398,0.9516129032258065,0.7542372881355932,0.5933333333333334,0.664179104477612,0.9098752436647174,0.048387096774193505,118,29,36.149584487534625
attention,S7,full_temporal,1842,0.6378116343490304,0.9571118349619978,0.82,0.5734265734265734,0.6748971193415638,0.9078931662804529,0.04288816503800219,2,1,1.2465373961218837
attention,S8,raw_0.5,2905,1.0,0.9820998278829605,0.9423076923076923,0.98,0.9607843137254902,0.9975971345727443,0.017900172117039537,676,39,48.33046471600689
attention,S8,calibrated,2905,1.0,0.9820998278829605,0.9423076923076923,0.98,0.9607843137254902,0.9975971345727443,0.017900172117039537,676,39,48.33046471600689
attention,S8,quality_ood,2905,1.0,0.9820998278829605,0.9423076923076923,0.98,0.9607843137254902,0.9975971345727443,0.017900172117039537,676,39,48.33046471600689
attention,S8,selective,2720,0.9363166953528399,0.993014705882353,0.9698890649762282,1.0,0.9847144006436042,0.9988233433790974,0.006985294117647034,631,19,23.545611015490532
attention,S8,full_temporal,2714,0.9342512908777969,0.994473102431835,0.976,1.0,0.9878542510121457,0.9988811319578632,0.005526897568165046,2,1,1.2392426850258176
attention,S9,raw_0.5,2890,1.0,0.743598615916955,0.39568345323741005,0.352,0.3725656223539373,0.604467991169978,0.256401384083045,556,336,418.5467128027681
attention,S9,calibrated,2890,1.0,0.743598615916955,0.39568345323741005,0.352,0.3725656223539373,0.604467991169978,0.256401384083045,556,336,418.5467128027681
attention,S9,quality_ood,2888,0.9993079584775086,0.7441135734072022,0.39568345323741005,0.35313001605136435,0.373197625106022,0.6063482614565284,0.2558864265927978,556,336,418.5467128027681
attention,S9,selective,2425,0.8391003460207612,0.7583505154639175,0.42025316455696204,0.3173996175908222,0.3616557734204793,0.6079622335752041,0.24164948453608248,395,229,285.25951557093424
attention,S9,full_temporal,2392,0.827681660899654,0.7642140468227425,0.4281767955801105,0.302734375,0.3546910755148741,0.605317071143617,0.23578595317725748,3,2,2.491349480968858
attention,S10,raw_0.5,2972,1.0,0.8569986541049798,0.6310861423220974,0.9560283687943263,0.76029328821207,0.958319959204998,0.14300134589502023,1068,394,477.2543741588156
attention,S10,calibrated,2972,1.0,0.8569986541049798,0.6310861423220974,0.9560283687943263,0.76029328821207,0.958319959204998,0.14300134589502023,1068,394,477.2543741588156
attention,S10,quality_ood,2904,0.9771197846567967,0.8560606060606061,0.6352497643732328,0.9560283687943263,0.7633069082672707,0.9595331856195112,0.14393939393939392,1061,387,468.7752355316285
attention,S10,selective,2466,0.8297442799461642,0.9034874290348743,0.7301401869158879,0.9889240506329114,0.8400537634408604,0.9706178478251867,0.09651257096512567,856,231,279.8115746971736
attention,S10,full_temporal,2440,0.8209959623149394,0.9122950819672131,0.7506024096385542,0.9888888888888889,0.8534246575342466,0.9721823204419889,0.0877049180327869,3,2,2.4226110363391653
attention,S11,raw_0.5,2919,1.0,0.9982870846180198,0.9939668174962293,0.9984848484848485,0.9962207105064248,0.9999953049753847,0.0017129153819801513,663,4,4.933196300102775
attention,S11,calibrated,2919,1.0,0.9982870846180198,0.9939668174962293,0.9984848484848485,0.9962207105064248,0.9999953049753847,0.0017129153819801513,663,4,4.933196300102775
attention,S11,quality_ood,2916,0.998972250770812,0.9982853223593965,0.9939668174962293,0.9984848484848485,0.9962207105064248,0.9999952987320009,0.0017146776406035125,663,4,4.933196300102775
attention,S11,selective,2844,0.9743062692702981,1.0,1.0,1.0,1.0,1.0,0.0,656,0,0.0
attention,S11,full_temporal,2842,0.973621103117506,1.0,1.0,1.0,1.0,1.0,0.0,1,0,0.0
attention,S13,raw_0.5,2921,1.0,0.9578911331735707,0.8525033829499323,0.9782608695652174,0.911062906724512,0.9958653507802846,0.042108866826429336,739,109,134.337555631633
attention,S13,calibrated,2921,1.0,0.9578911331735707,0.8525033829499323,0.9782608695652174,0.911062906724512,0.9958653507802846,0.042108866826429336,739,109,134.337555631633
attention,S13,quality_ood,2921,1.0,0.9578911331735707,0.8525033829499323,0.9782608695652174,0.911062906724512,0.9958653507802846,0.042108866826429336,739,109,134.337555631633
attention,S13,selective,2411,0.8254022595001712,0.9958523434259643,0.9822380106571936,1.0,0.9910394265232976,0.9998744493777945,0.004147656574035707,563,10,12.32454638822321
attention,S13,full_temporal,2405,0.8233481684354673,0.9975051975051975,0.9892280071813285,1.0,0.9945848375451263,0.9999275613428169,0.002494802494802495,2,1,1.232454638822321
attention,S14,raw_0.5,2921,1.0,0.9993153029784321,0.9969558599695586,1.0,0.9984756097560976,1.0,0.000684697021567926,657,2,2.464909277644642
attention,S14,calibrated,2921,1.0,0.9993153029784321,0.9969558599695586,1.0,0.9984756097560976,1.0,0.000684697021567926,657,2,2.464909277644642
attention,S14,quality_ood,2921,1.0,0.9993153029784321,0.9969558599695586,1.0,0.9984756097560976,1.0,0.000684697021567926,657,2,2.464909277644642
attention,S14,selective,2907,0.9952071208490243,1.0,1.0,1.0,1.0,1.0,0.0,655,0,0.0
attention,S14,full_temporal,2905,0.9945224238274564,1.0,1.0,1.0,1.0,1.0,0.0,1,0,0.0
attention,S15,raw_0.5,2927,1.0,0.728390843867441,0.43465045592705165,0.6441441441441441,0.5190562613430126,0.8115771676143193,0.271609156132559,987,558,686.2999658353262
attention,S15,calibrated,2927,1.0,0.728390843867441,0.43465045592705165,0.6441441441441441,0.5190562613430126,0.8115771676143193,0.271609156132559,987,558,686.2999658353262
attention,S15,quality_ood,2912,0.9948752989408951,0.7269917582417582,0.42592592592592593,0.6359447004608295,0.5101663585951941,0.8085427719474887,0.2730082417582418,972,558,686.2999658353262
attention,S15,selective,2661,0.9091219678852067,0.7463359639233371,0.4502923976608187,0.652542372881356,0.532871972318339,0.829644239661508,0.2536640360766629,855,470,578.0662794670311
attention,S15,full_temporal,2570,0.8780321147933037,0.7638132295719844,0.4738219895287958,0.6384479717813051,0.5439519158527423,0.835704115783996,0.2361867704280156,3,2,2.459856508370345
attention,S16,raw_0.5,2913,1.0,0.9986268451767937,1.0,0.9938744257274119,0.9969278033794162,1.0,0.001373154823206324,649,0,0.0
attention,S16,calibrated,2913,1.0,0.9986268451767937,1.0,0.9938744257274119,0.9969278033794162,1.0,0.001373154823206324,649,0,0.0
attention,S16,quality_ood,2880,0.9886714727085479,0.9986111111111111,1.0,0.9935483870967742,0.9967637540453074,1.0,0.001388888888888884,616,0,0.0
attention,S16,selective,2870,0.9852385856505321,1.0,1.0,1.0,1.0,1.0,0.0,610,0,0.0
attention,S16,full_temporal,2868,0.984552008238929,1.0,1.0,1.0,1.0,1.0,0.0,1,0,0.0
attention,S17,raw_0.5,2907,1.0,0.9487444100447197,0.8251173708920188,1.0,0.9041800643086817,0.9987272591150708,0.051255589955280345,852,149,184.5201238390093
attention,S17,calibrated,2907,1.0,0.9487444100447197,0.8251173708920188,1.0,0.9041800643086817,0.9987272591150708,0.051255589955280345,852,149,184.5201238390093
attention,S17,quality_ood,2907,1.0,0.9487444100447197,0.8251173708920188,1.0,0.9041800643086817,0.9987272591150708,0.051255589955280345,852,149,184.5201238390093
attention,S17,selective,2865,0.9855521155830753,0.9539267015706806,0.8419161676646707,1.0,0.9141742522756827,0.9987025342690176,0.0460732984293194,835,132,163.46749226006193
attention,S17,full_temporal,2843,0.9779841761265909,0.9606049947238833,0.8622386223862238,1.0,0.9260237780713342,0.9987199825246313,0.039395005276116724,3,2,2.476780185758514
dnn,S2,raw_0.5,2789,1.0,0.6927214055216924,0.3394607843137255,0.46554621848739497,0.39262934089298374,0.609124962655983,0.30727859447830763,816,539,695.7332377196128
dnn,S2,calibrated,2789,1.0,0.6927214055216924,0.3394607843137255,0.46554621848739497,0.39262934089298374,0.609124962655983,0.30727859447830763,816,539,695.7332377196128
dnn,S2,quality_ood,2650,0.95016134815346,0.7090566037735849,0.3338235294117647,0.41651376146788993,0.3706122448979592,0.6021748131360457,0.2909433962264151,680,453,584.725708139118
dnn,S2,selective,2492,0.8935102187163858,0.7243178170144462,0.3599320882852292,0.4061302681992337,0.38163816381638166,0.6067322091915125,0.2756821829855538,589,377,486.6260308354249
dnn,S2,full_temporal,2428,0.8705629257798494,0.7380560131795717,0.379047619047619,0.39096267190569745,0.38491295938104453,0.6069334572791371,0.2619439868204283,3,3,3.8723556830405164
dnn,S3,raw_0.5,2835,1.0,0.9855379188712522,0.9530516431924883,0.9822580645161291,0.9674344718030183,0.9995296002330154,0.014462081128747806,639,30,38.095238095238095
dnn,S3,calibrated,2835,1.0,0.9855379188712522,0.9530516431924883,0.9822580645161291,0.9674344718030183,0.9995296002330154,0.014462081128747806,639,30,38.095238095238095
dnn,S3,quality_ood,2835,1.0,0.9855379188712522,0.9530516431924883,0.9822580645161291,0.9674344718030183,0.9995296002330154,0.014462081128747806,639,30,38.095238095238095
dnn,S3,selective,2813,0.9922398589065256,0.9896907216494846,0.9665605095541401,0.9869918699186991,0.9766693483507642,0.9997351620467979,0.010309278350515427,628,21,26.666666666666668
dnn,S3,full_temporal,2799,0.9873015873015873,0.992497320471597,0.9788273615635179,0.986863711001642,0.982829108748978,0.9998230499883782,0.007502679528403,3,2,2.5396825396825395
dnn,S4,raw_0.5,2870,1.0,0.9341463414634147,0.7855227882037533,0.9528455284552846,0.8611315209404848,0.9832848412741334,0.06585365853658531,746,160,200.69686411149826
dnn,S4,calibrated,2870,1.0,0.9341463414634147,0.7855227882037533,0.9528455284552846,0.8611315209404848,0.9832848412741334,0.06585365853658531,746,160,200.69686411149826
dnn,S4,quality_ood,2870,1.0,0.9341463414634147,0.7855227882037533,0.9528455284552846,0.8611315209404848,0.9832848412741334,0.06585365853658531,746,160,200.69686411149826
dnn,S4,selective,2809,0.9787456445993031,0.9416162335350658,0.8052851182197497,0.9601990049751243,0.875945537065053,0.9849302896217011,0.05838376646493415,719,140,175.60975609756096
dnn,S4,full_temporal,2779,0.9682926829268292,0.9492623245771861,0.8301886792452831,0.959731543624161,0.8902723735408559,0.9862259313118146,0.05073767542281393,4,3,3.763066202090592
dnn,S5,raw_0.5,2911,1.0,1.0,1.0,1.0,1.0,1.0,0.0,625,0,0.0
dnn,S5,calibrated,2911,1.0,1.0,1.0,1.0,1.0,1.0,0.0,625,0,0.0
dnn,S5,quality_ood,2911,1.0,1.0,1.0,1.0,1.0,1.0,0.0,625,0,0.0
dnn,S5,selective,2910,0.9996564754379939,1.0,1.0,1.0,1.0,1.0,0.0,625,0,0.0
dnn,S5,full_temporal,2908,0.9989694263139814,1.0,1.0,1.0,1.0,1.0,0.0,1,0,0.0
dnn,S6,raw_0.5,2889,1.0,0.9055036344755971,0.717948717948718,0.9333333333333333,0.8115942028985509,0.9577383587343746,0.09449636552440288,819,231,287.85046728971963
dnn,S6,calibrated,2889,1.0,0.9055036344755971,0.717948717948718,0.9333333333333333,0.8115942028985509,0.9577383587343746,0.09449636552440288,819,231,287.85046728971963
dnn,S6,quality_ood,1,0.00034614053305642093,1.0,0.0,0.0,0.0,,0.0,0,0,0.0
dnn,S6,selective,1,0.00034614053305642093,1.0,0.0,0.0,0.0,,0.0,0,0,0.0
dnn,S6,full_temporal,1,0.00034614053305642093,1.0,0.0,0.0,0.0,,0.0,0,0,0.0
dnn,S7,raw_0.5,2888,1.0,0.8964681440443213,0.7137150466045273,0.864516129032258,0.7819110138584976,0.9560242077715196,0.10353185595567871,751,215,268.005540166205
dnn,S7,calibrated,2888,1.0,0.8964681440443213,0.7137150466045273,0.864516129032258,0.7819110138584976,0.9560242077715196,0.10353185595567871,751,215,268.005540166205
dnn,S7,quality_ood,1906,0.659972299168975,0.8803777544596013,0.396875,0.7839506172839507,0.5269709543568465,0.9158278117567108,0.11962224554039869,320,193,240.58171745152356
dnn,S7,selective,1841,0.6374653739612188,0.8919065725149375,0.436426116838488,0.7839506172839507,0.5607064017660044,0.9209332421561923,0.10809342748506245,291,164,204.43213296398892
dnn,S7,full_temporal,1807,0.6256925207756233,0.9064748201438849,0.4785992217898833,0.7784810126582279,0.5927710843373494,0.9218475332192123,0.09352517985611508,3,2,2.4930747922437675
dnn,S8,raw_0.5,2905,1.0,0.9266781411359725,0.7531865585168018,1.0,0.8592200925313945,0.9981954630735118,0.07332185886402753,863,213,263.9586919104991
dnn,S8,calibrated,2905,1.0,0.9266781411359725,0.7531865585168018,1.0,0.8592200925313945,0.9981954630735118,0.07332185886402753,863,213,263.9586919104991
dnn,S8,quality_ood,2905,1.0,0.9266781411359725,0.7531865585168018,1.0,0.8592200925313945,0.9981954630735118,0.07332185886402753,863,213,263.9586919104991
dnn,S8,selective,2528,0.870223752151463,0.9825949367088608,0.9354838709677419,1.0,0.9666666666666666,0.9984923122854157,0.017405063291139222,682,44,54.526678141135974
dnn,S8,full_temporal,2516,0.866092943201377,0.9864864864864865,0.9492537313432836,1.0,0.9739663093415007,0.9984795262946607,0.013513513513513487,3,2,2.478485370051635
dnn,S9,raw_0.5,2890,1.0,0.7474048442906575,0.41784037558685444,0.4272,0.4224683544303797,0.7308220750551876,0.25259515570934254,639,372,463.39100346020757
dnn,S9,calibrated,2890,1.0,0.7474048442906575,0.41784037558685444,0.4272,0.4224683544303797,0.7308220750551876,0.25259515570934254,639,372,463.39100346020757
dnn,S9,quality_ood,2888,0.9993079584775086,0.7479224376731302,0.41784037558685444,0.42857142857142855,0.42313787638668776,0.7321987534503347,0.25207756232686984,639,372,463.39100346020757
dnn,S9,selective,2403,0.8314878892733564,0.7990012484394506,0.4947089947089947,0.3903966597077244,0.4364060676779464,0.7531716717520476,0.20099875156054936,378,191,237.92387543252593
dnn,S9,full_temporal,2371,0.8204152249134948,0.8064107971320118,0.5173410404624278,0.38004246284501064,0.43818849449204406,0.7559827913733378,0.1935892028679882,3,2,2.491349480968858
dnn,S10,raw_0.5,2972,1.0,0.7631224764468372,0.5003553660270078,0.9985815602836879,0.6666666666666667,0.9670280027655508,0.23687752355316283,1407,703,851.5477792732166
dnn,S10,calibrated,2972,1.0,0.7631224764468372,0.5003553660270078,0.9985815602836879,0.6666666666666667,0.9670280027655508,0.23687752355316283,1407,703,851.5477792732166
dnn,S10,quality_ood,2904,0.9771197846567967,0.7599862258953168,0.5028571428571429,0.9985815602836879,0.6688836104513065,0.9661032255151439,0.24001377410468316,1400,696,843.0686406460296
dnn,S10,selective,2355,0.7923956931359354,0.8318471337579618,0.6346863468634686,1.0,0.7765237020316027,0.9619398794659673,0.16815286624203818,1084,396,479.67698519515477
dnn,S10,full_temporal,2329,0.7836473755047106,0.8402747960498068,0.6483931947069943,1.0,0.786697247706422,0.9618338423100742,0.15972520395019318,3,2,2.4226110363391653
dnn,S11,raw_0.5,2919,1.0,0.9797875984926344,0.9179415855354659,1.0,0.9572153734590283,0.9999993292821978,0.020212401507365585,719,59,72.76464542651594
dnn,S11,calibrated,2919,1.0,0.9797875984926344,0.9179415855354659,1.0,0.9572153734590283,0.9999993292821978,0.020212401507365585,719,59,72.76464542651594
dnn,S11,quality_ood,2916,0.998972250770812,0.9797668038408779,0.9179415855354659,1.0,0.9572153734590283,0.9999993283902858,0.020233196159122113,719,59,72.76464542651594
dnn,S11,selective,2827,0.9684823569715656,0.9883268482490273,0.9523809523809523,1.0,0.975609756097561,0.9999993008068688,0.011673151750972721,693,33,40.69886947584789
dnn,S11,full_temporal,2813,0.9636861939020213,0.9925346605047991,0.9690721649484536,1.0,0.9842931937172774,0.9999992947764088,0.007465339495200896,2,1,1.2332990750256938
dnn,S13,raw_0.5,2921,1.0,0.9424854501882917,0.7938271604938272,0.9984472049689441,0.8844566712517195,0.9970628510326053,0.05751454981170834,810,167,205.81992468332763
dnn,S13,calibrated,2921,1.0,0.9424854501882917,0.7938271604938272,0.9984472049689441,0.8844566712517195,0.9970628510326053,0.05751454981170834,810,167,205.81992468332763
dnn,S13,quality_ood,2921,1.0,0.9424854501882917,0.7938271604938272,0.9984472049689441,0.8844566712517195,0.9970628510326053,0.05751454981170834,810,167,205.81992468332763
dnn,S13,selective,2362,0.8086271824717562,0.9826418289585097,0.9367283950617284,1.0,0.9673306772908367,0.9988106469160835,0.01735817104149029,648,41,50.530640191715165
dnn,S13,full_temporal,2354,0.8058883943854844,0.9851316907391674,0.9453125,1.0,0.9718875502008032,0.9988451488217588,0.014868309260832602,2,1,1.232454638822321
dnn,S14,raw_0.5,2921,1.0,0.9972612119137282,0.9879336349924586,1.0,0.9939301972685888,1.0,0.002738788086271815,663,8,9.859637110578568
dnn,S14,calibrated,2921,1.0,0.9972612119137282,0.9879336349924586,1.0,0.9939301972685888,1.0,0.002738788086271815,663,8,9.859637110578568
dnn,S14,quality_ood,2921,1.0,0.9972612119137282,0.9879336349924586,1.0,0.9939301972685888,1.0,0.002738788086271815,663,8,9.859637110578568
dnn,S14,selective,2906,0.9948647723382403,0.9993117687543015,0.9969558599695586,1.0,0.9984756097560976,1.0,0.0006882312456985007,657,2,2.464909277644642
dnn,S14,full_temporal,2902,0.9934953782951044,1.0,1.0,1.0,1.0,1.0,0.0,1,0,0.0
dnn,S15,raw_0.5,2927,1.0,0.8107277075503929,0.6068702290076335,0.4774774774774775,0.534453781512605,0.8140854255405339,0.18927229244960708,524,206,253.36522036214555
dnn,S15,calibrated,2927,1.0,0.8107277075503929,0.6068702290076335,0.4774774774774775,0.534453781512605,0.8140854255405339,0.18927229244960708,524,206,253.36522036214555
dnn,S15,quality_ood,2912,0.9948752989408951,0.8125,0.6015473887814313,0.47772657450076805,0.5325342465753424,0.8118697394067984,0.1875,517,206,253.36522036214555
dnn,S15,selective,2681,0.9159549026306799,0.8384930995897053,0.6847290640394089,0.47684391080617494,0.5621840242669363,0.8256429794282556,0.1615069004102947,406,128,157.4308165357021
dnn,S15,full_temporal,2641,0.9022890331397335,0.8455130632336236,0.7185792349726776,0.4630281690140845,0.5631691648822269,0.8268023480972667,0.15448693676637637,3,2,2.459856508370345
dnn,S16,raw_0.5,2913,1.0,1.0,1.0,1.0,1.0,1.0,0.0,653,0,0.0
dnn,S16,calibrated,2913,1.0,1.0,1.0,1.0,1.0,1.0,0.0,653,0,0.0
dnn,S16,quality_ood,2880,0.9886714727085479,1.0,1.0,1.0,1.0,1.0,0.0,620,0,0.0
dnn,S16,selective,2879,0.9883281840027464,1.0,1.0,1.0,1.0,1.0,0.0,620,0,0.0
dnn,S16,full_temporal,2877,0.9876416065911432,1.0,1.0,1.0,1.0,1.0,0.0,1,0,0.0
dnn,S17,raw_0.5,2907,1.0,0.9625042999656003,0.8657635467980296,1.0,0.928052805280528,0.9984994307517949,0.037495700034399726,812,109,134.98452012383902
dnn,S17,calibrated,2907,1.0,0.9625042999656003,0.8657635467980296,1.0,0.928052805280528,0.9984994307517949,0.037495700034399726,812,109,134.98452012383902
dnn,S17,quality_ood,2907,1.0,0.9625042999656003,0.8657635467980296,1.0,0.928052805280528,0.9984994307517949,0.037495700034399726,812,109,134.98452012383902
dnn,S17,selective,2892,0.9948400412796697,0.9654218533886584,0.8753117206982544,1.0,0.9335106382978723,0.9985527325709974,0.03457814661134162,802,100,123.83900928792569
dnn,S17,full_temporal,2877,0.9896800825593395,0.9697601668404588,0.8894536213468869,1.0,0.9414929388029589,0.9986272065096135,0.030239833159541152,3,2,2.476780185758514
